{"cameraMode":{"drawMode":0,"name":"Shaded","section":"Shading Mode"},"sceneLighting":true,"audioPlay":false,"sceneViewState":{"showFog":true,"showMaterialUpdate":false,"showSkybox":true,"showFlares":true,"showImageEffects":true,"showParticleSystems":true},"in2DMode":false,"pivot":{"x":47.03205108642578,"y":6.004746913909912,"z":255.97483825683595},"rotation":{"x":0.10628911852836609,"y":-0.013423102907836438,"z":0.0014349904377013445,"w":0.9942433834075928},"size":10.0,"orthographic":true}