{"cameraMode":{"drawMode":0,"name":"Shaded","section":"Shading Mode"},"sceneLighting":true,"audioPlay":false,"sceneViewState":{"showFog":true,"showMaterialUpdate":false,"showSkybox":true,"showFlares":true,"showImageEffects":true,"showParticleSystems":true},"in2DMode":false,"pivot":{"x":48.65044403076172,"y":51.176822662353519,"z":286.28564453125},"rotation":{"x":0.10628911852836609,"y":-0.013423102907836438,"z":0.0014349904377013445,"w":0.9942433834075928},"size":66.65904235839844,"orthographic":true}