{"cameraMode":{"drawMode":0,"name":"Shaded","section":"Shading Mode"},"sceneLighting":false,"audioPlay":false,"sceneViewState":{"showFog":true,"showMaterialUpdate":false,"showSkybox":false,"showFlares":true,"showImageEffects":true,"showParticleSystems":true,"showVisualEffectGraphs":true,"m_FxEnabled":true},"in2DMode":false,"pivot":{"x":-0.25592631101608279,"y":1.0386134386062623,"z":-0.07331132888793946},"rotation":{"x":-0.061675071716308597,"y":0.9349605441093445,"z":-0.28494027256965639,"w":-0.20255151391029359},"size":1.1700927019119263,"orthographic":false}