{"cameraMode":{"drawMode":0,"name":"Shaded","section":"Shading Mode"},"sceneLighting":true,"audioPlay":false,"sceneViewState":{"m_AlwaysRefresh":false,"showFog":true,"showSkybox":true,"showFlares":true,"showImageEffects":true,"showParticleSystems":true,"showVisualEffectGraphs":true,"m_FxEnabled":true},"in2DMode":false,"pivot":{"x":49.73248291015625,"y":3.8599252700805666,"z":245.78262329101563},"rotation":{"x":-0.1037931814789772,"y":0.5007604956626892,"z":-0.060912903398275378,"w":-0.8574583530426025},"size":3.5717506408691408,"orthographic":true}