{"cameraMode":{"drawMode":0,"name":"Shaded","section":"Shading Mode"},"sceneLighting":true,"audioPlay":false,"sceneViewState":{"showFog":true,"showMaterialUpdate":false,"showSkybox":true,"showFlares":true,"showImageEffects":true,"showParticleSystems":true,"showVisualEffectGraphs":true,"m_FxEnabled":true},"in2DMode":false,"pivot":{"x":-5.930233001708984,"y":80.40217590332031,"z":156.38021850585938},"rotation":{"x":0.7057068347930908,"y":0.006090538576245308,"z":-0.007770492695271969,"w":0.7090957164764404},"size":111.03182983398438,"orthographic":true}